LaIS_length,Iteration_count
62,34267
59,34457
64,34666
62,34521
60,33567
62,34428
60,34303
63,34016
62,34867
60,33990
61,34328
63,34057
61,34348
66,34393
57,34077
64,34645
64,33933
62,34180
65,35221
58,34361
63,34415
61,34597
56,34043
59,34117
58,33652
60,34526
61,34305
60,34538
61,34549
60,34552
61,34554
62,34212
63,34508
63,34451
61,34851
60,33992
62,34258
63,34049
64,35197
60,33955
59,34276
63,34387
63,34676
59,33622
60,34200
62,34790
61,34622
62,34185
65,33868
61,33814
63,33764
60,33907
60,33779
59,34513
61,34431
61,34031
58,34038
60,33686
57,33913
55,33605
60,33998
58,34705
59,34033
61,34375
61,34384
58,34690
65,34652
63,34055
60,34454
56,33816
57,34460
62,34778
62,33592
60,34723
59,34644
60,34133
62,34304
62,34584
64,34202
62,33884
60,33961
61,34034
61,33723
63,34313
61,34310
66,34215
58,33741
61,34689
59,34607
62,33723
59,34488
55,33658
58,34394
63,34124
57,33387
61,33801
64,33949
61,34320
61,33635
58,34315
60,33865
61,34032
59,33768
68,33456
61,34265
62,34199
64,34337
57,33525
63,34242
62,34924
61,34125
64,34244
59,33803
63,34752
56,33713
55,34239
59,33751
60,33987
65,34602
61,34284
61,34747
62,34294
56,34173
60,34514
58,34495
59,33991
64,33784
63,34497
58,34300
57,33848
63,34929
61,34638
63,33850
65,34685
55,33635
63,34145
62,34352
60,34263
57,34310
56,33944
58,34927
59,33842
62,34322
61,34667
54,33952
56,33736
60,33592
58,34302
60,33989
61,34105
60,34440
60,34111
62,34257
61,34052
59,34091
59,34274
56,33848
60,34176
62,34806
57,33630
60,34279
62,34126
57,34032
63,34055
63,34415
57,33901
64,34320
65,34184
63,34468
57,34053
61,34189
64,34643
62,34007
65,34600
61,34348
61,34249
61,33597
66,34686
61,33873
58,33604
59,34263
63,34294
55,34820
61,34263
58,33563
56,33705
59,33739
64,34875
62,34333
55,34007
58,33985
59,33557
62,34135
63,33990
62,34021
62,34138
62,34121
54,34085
58,34174
64,34192
56,33584
63,33917
60,34728
59,33919
61,34380
61,34722
62,34294
59,34075
62,34072
62,33962
60,34293
56,33723
61,34829
59,33545
55,34443
59,34621
65,34021
59,34015
60,34351
58,33511
63,33903
66,34207
65,34379
59,34210
61,34077
62,34254
61,33512
61,34099
57,34127
62,34170
58,34098
61,34747
62,33837
58,33687
57,33538
57,33707
56,33462
59,33792
58,33868
64,35150
56,34257
63,34318
59,34101
59,34121
61,33475
63,34379
64,34547
60,33767
64,34070
61,34250
62,34885
61,33839
58,34091
64,34358
59,34138
64,33861
63,33916
62,35185
63,34265
60,34394
59,34180
66,34665
62,34122
58,33869
63,33872
60,33418
67,35033
65,35140
63,34031
61,34664
63,34324
62,34565
60,34492
61,34546
63,34183
58,34785
61,34056
64,34435
56,34093
59,34378
60,34045
59,33383
61,34733
58,34730
62,33305
60,33848
64,34304
57,34421
66,34113
61,34048
65,34751
62,33644
57,34266
59,34039
63,34539
61,34008
62,34622
62,34500
60,33963
58,34200
60,34214
58,34128
62,33737
60,34019
60,34595
59,33346
58,34783
58,34191
62,34496
56,33886
61,34145
59,33480
63,35343
63,34880
62,34306
60,33939
57,33615
62,34590
61,34557
62,34596
58,34307
64,34814
57,34241
58,33576
58,34504
65,35117
60,34232
57,34222
57,33914
61,34618
59,33816
60,33465
63,33764
63,34096
62,33560
60,33604
55,33992
59,33475
58,34007
62,34468
59,33856
59,34035
59,33930
58,33986
63,34304
60,33942
60,33834
61,34431
63,34382
59,34171
63,33896
62,34288
56,33423
57,33915
61,34286
62,34206
65,35192
62,34215
59,34369
60,34554
64,34348
62,34179
67,35244
61,34014
60,34384
61,34505
62,34567
62,33900
60,34080
61,34182
57,33924
59,34722
59,35076
61,34251
60,33716
60,33979
63,33454
62,34336
58,35156
65,33881
60,34225
63,34098
56,33833
58,34917
62,34011
61,34929
61,33740
59,34533
55,33776
59,33706
63,34446
56,33390
60,34190
64,34222
62,34646
61,34147
65,34099
60,34697
62,34780
62,34377
59,34435
64,34843
61,34404
60,34885
60,33779
64,34773
60,33513
65,34515
61,34292
62,34277
62,34392
61,33835
60,34312
58,34372
55,33497
62,34139
63,34680
57,34375
57,33539
65,34439
62,34480
59,33916
60,34113
61,34590
66,34545
62,34179
63,34441
60,33975
59,33662
60,34014
64,33743
60,34087
60,34151
58,33671
60,34094
57,33954
63,34122
61,34336
58,34218
57,33890
53,34093
64,33766
64,34417
59,34219
63,34884
60,34795
64,34574
64,34219
61,34806
64,35141
63,34445
56,33669
63,34388
61,34245
61,34540
56,34138
64,33741
62,34583
63,34480
62,33941
60,33846
67,35220
60,33807
62,34599
65,34184
56,33690
65,34539
59,35034
59,33061
65,34745
67,33556
59,34116
58,33833
64,34050
60,35044
57,33714
59,34064
62,34414
62,34369
59,34660
61,34115
61,33849
62,33768
63,34208
60,34739
61,34466
61,33300
57,34511
62,34025
60,34320
59,34181
59,34180
58,33402
58,34376
65,34825
69,35154
58,33761
60,34385
57,34101
68,34334
63,34137
57,33701
59,33853
62,34207
64,34543
62,34172
58,34121
57,34479
64,33811
56,33733
60,34157
65,34752
57,34109
57,33696
57,34090
63,35083
58,34299
69,34004
63,33850
55,34389
64,34495
63,34009
60,34271
63,33931
64,34529
61,34052
60,34612
62,34551
61,34674
62,34463
61,34525
67,34337
57,33795
60,34466
54,34333
57,33760
61,33868
61,34849
60,34105
54,33376
63,34243
63,34160
63,33889
62,34332
58,33569
61,34038
60,34625
60,34463
58,34362
61,34796
64,34196
64,34354
61,34179
63,34351
59,33872
58,33847
60,34136
67,34599
68,34440
62,33995
59,34505
59,34554
63,34604
58,34817
58,34741
61,34138
61,34443
58,33872
63,34326
62,34758
62,33794
58,33913
64,34587
60,34343
64,33757
59,33949
61,33389
56,33887
65,34058
61,34720
59,33927
66,34085
58,33596
63,34038
59,34578
57,33738
62,33963
57,33859
58,34196
59,34351
57,34414
60,33866
62,33906
58,33960
64,34870
68,34005
60,34112
65,34315
66,34125
58,33865
59,33873
59,34226
59,33743
60,33535
63,34406
62,34247
62,34554
64,34388
59,34451
65,34422
59,34319
58,33840
66,34030
62,34083
62,34445
60,34114
56,33813
61,34157
61,34120
58,33623
62,34558
65,34344
61,34315
63,34349
60,34044
60,34540
60,34724
60,34310
62,34274
63,33875
57,33971
60,34259
66,34610
61,33603
64,34340
62,34448
60,33659
56,33892
60,34172
60,33386
62,33869
61,33654
58,33603
62,33839
60,33842
60,33759
55,34129
58,33750
64,34353
63,34545
57,34047
65,34201
67,34611
62,33898
63,34012
61,34583
60,34321
62,34479
60,34476
61,35197
59,34440
59,34041
61,34221
60,34013
64,34437
61,34738
57,33109
59,34065
58,33432
63,34231
61,34212
55,33068
62,34071
56,34329
64,34526
61,34422
60,34116
61,34038
59,34387
64,34405
66,34833
59,34408
68,33800
58,33680
57,33871
67,33791
58,33936
61,33699
56,34067
63,34097
64,34262
56,34193
63,34289
60,33600
59,33936
63,33880
62,34212
65,34255
61,33948
64,34970
58,34223
57,33371
61,33770
65,34083
58,34324
62,34966
63,34616
61,34123
63,34423
62,34787
56,33833
56,33603
61,34452
60,33614
54,34316
59,34561
64,34964
61,33786
60,34277
62,34624
60,34833
61,34496
57,33841
56,34104
63,34532
61,33482
59,34240
61,34731
61,34214
60,34155
62,34077
60,34031
62,33774
62,34078
65,35107
62,34890
64,33738
59,34351
62,33938
58,34621
55,34322
61,33902
62,34124
59,34756
64,34464
66,34674
62,34397
58,33862
63,34049
62,33957
67,34603
58,34342
68,34138
60,35107
59,33970
62,34130
60,34148
59,33489
66,34235
58,34361
62,34833
66,35034
60,33882
59,33713
61,33845
55,33523
67,34242
60,33376
61,34124
59,34230
64,34098
61,33804
58,34318
60,35206
61,34184
62,34317
61,33919
59,33961
57,33556
64,34581
57,34006
64,34575
56,33921
57,33327
59,33347
59,34171
62,34782
64,34312
57,33957
63,33976
56,34466
60,34169
64,34129
65,34830
55,33986
62,34318
66,33766
62,34226
63,34734
61,34487
58,33876
56,34117
63,34465
63,34234
56,34085
61,34013
65,33933
60,34018
64,34831
62,34165
64,34822
65,34078
61,34461
58,33777
58,34358
57,34103
67,35142
60,34558
60,34315
55,34115
68,34206
63,33894
59,34054
61,34115
69,34470
64,33173
60,34258
58,34071
63,34134
58,34441
63,34290
65,34325
60,34047
57,33601
57,34154
58,34049
60,33889
58,33643
63,33879
62,33382
64,34290
62,34896
58,34108
62,34438
60,34644
59,33892
61,34291
63,34732
59,34424
62,34651
62,33871
66,34034
65,34482
58,33814
66,34087
60,34069
59,34905
62,34543
59,34027
53,33659
65,33259
58,34237
60,34610
56,33979
59,33623
62,33897
60,34251
60,34097
60,34140
59,34675
61,34428
62,34586
68,34724
64,34045
63,34176
59,34072
67,34213
61,34560
61,34821
61,34047
62,33787
66,34643
60,34145
56,33715
59,34356
61,34074
63,33774
59,33948
59,34030
60,33766
59,33747
57,33295
63,34838
64,34371
58,34270
59,33844
64,34368
62,34325
60,34650
65,34855
59,34106
58,34745
57,34668
64,33922
58,34458
62,34070
61,34415
62,34298
61,34017
60,35032
59,33677
62,33288
63,33981
56,33708
61,33991
58,33846
60,33821
64,34699
60,34641
61,34314
61,34005
67,34816
63,34928
61,33583
57,33823
60,34503
59,33985
63,34352
61,34052
65,34371
62,34314
62,34291
60,33929
58,34337
58,33883
62,34306
61,34379
60,33994
59,34705
61,34012
68,35398
59,34151
65,33765
60,34087
63,33951
58,33648
59,34273
57,33853
59,33943
55,33965
65,34141
59,33942
61,34213
65,34480
60,34437
61,33923
62,33945
61,34473
65,34121
59,33893
62,33695
58,33501
64,33881
59,34086
58,34171
62,34453
62,34546
61,34702
55,33642
61,34518
59,34026
63,33673
60,34176
60,34080
59,33182
67,34449
59,33480
59,34049
61,34214
62,33463
59,34096
60,33944
60,34208
65,34547
61,34533
61,33762
59,34588
58,33747
62,34358
59,34877
61,34191
64,34046
59,34156
59,34025
60,33680
60,34499
60,34231
59,35311
64,34166
62,34565
59,34165
65,34333
62,34847
61,34315
59,33794
61,34147
58,33899
59,34327
66,35425
60,34503
58,34329
59,33999
62,34235
60,33800
55,33343
60,34162
61,34134
57,34479
59,34578
58,33930
60,34663
65,33856
57,32980
59,34010
65,34630
61,34944
59,33889
60,34225
59,34656
64,34437
60,34152
61,34249
64,34419
57,34546
60,33414
64,34705
69,34316
64,35006
57,34330
61,34320
60,34098
60,34819
56,33412
57,33640
63,34637
60,34087
58,34392
59,34297
65,34380
61,33916
55,33468
63,34405
60,33770
60,33814
63,34178
58,33723
59,34034
68,34085
62,33598
55,34004
56,34440
62,34603
61,34538
58,33941
62,33883
69,34683
61,35125
63,34468
58,34091
60,34710
59,33945
64,34119
63,34299
63,33989
56,33269
63,33881
61,34534
59,34160
57,34254
55,34013
61,34269
63,34724
60,34436
63,33846
62,35225
62,34940
67,34644
61,34570
59,34432
59,33757
59,33812
67,34435
67,34301
67,34505
63,34559
60,33951
65,33751
62,34381
63,34540
59,33763
65,34441
65,34084
59,34960
60,33920
63,33985
60,34598
59,34169
63,33806
63,34367
63,34176
57,33672
59,34588
60,34065
62,35035
60,34397
57,34208
67,34185
60,33748
60,34157
62,34443
62,34578
63,34091
59,34074
62,34402
64,34658
59,33404
58,34173
61,34419
62,34120
62,34197
64,34208
64,33529
63,33940
60,34424
58,34443
61,33836
58,34862
61,34392
59,34080
57,34885
60,34282
57,33836
59,34124
63,34445
64,34547
61,34450
60,34394
59,34094
55,33562
63,34272
61,33776
59,34231
60,33711
57,34388
61,34399
67,34783
62,33720
59,33884
65,34111
61,34521
61,33976
59,33754
60,33542
60,34377
61,34492
62,34460
57,33688
61,34260
61,34209
56,34041
59,34243
60,34482
59,33793
60,34421
57,33989
61,34332
60,34381
62,34693
61,34079
61,33806
66,34625
58,33354
58,33316
60,34221
60,33244
62,34108
61,34373
63,34916
64,34322
58,34137
64,34139
63,34547
61,34370
62,34194
61,34011
58,34310
59,34328
57,34128
60,34371
55,33818
68,33991
66,34212
58,34775
63,34271
58,34128
62,34210
62,33877
60,34669
61,33961
63,34236
59,34510
57,33837
62,34336
57,33708
61,33378
58,34982
65,34340
64,34719
60,34304
62,34290
60,34486
59,34520
64,33967
60,34466
60,33616
66,34858
60,34046
63,34041
64,35195
59,34658
58,33750
59,33417
60,33941
57,34264
66,33967
58,33376
59,34316
63,33504
64,34554
61,34845
65,34629
57,33750
58,33960
65,34333
61,34122
59,34016
59,33610
59,33715
62,34744
60,34195
58,34065
59,33508
64,33969
65,34479
60,34252
58,33938
58,34008
62,34157
66,33947
57,33715
59,34373
60,33861
59,33777
59,34180
57,34636
65,34267
57,34009
63,34245
60,34464
56,33832
56,34280
58,33235
59,34009
62,34599
61,34580
66,34172
60,34783
60,34675
63,34126
62,33692
58,34158
58,33915
60,33891
62,33788
60,34342
59,34612
66,34389
66,34048
59,34075
64,33413
61,33804
58,33901
57,34120
59,34028
60,34134
63,34079
66,34751
59,33850
67,34245
62,34672
63,34298
60,34360
62,33890
62,34374
61,34542
57,33719
60,34779
63,34156
62,34670
62,34752
66,34155
63,34281
61,33755
58,33627
64,34594
58,33499
62,34145
63,33824
61,33981
58,33553
59,33463
59,34543
56,34302
59,34186
65,34327
58,33832
70,34387
62,34161
66,34690
61,34615
62,34582
67,34188
61,34287
61,33906
60,33818
62,34572
61,34570
63,34165
56,33942
60,33483
57,33987
65,34957
57,33774
63,34817
61,34623
58,33997
61,34336
59,33898
58,34287
59,34368
57,33775
63,34223
63,34201
58,34483
63,34002
54,33461
67,34484
57,34644
57,34049
63,34164
64,33919
60,33768
61,33992
63,34079
64,34340
58,34221
60,34960
60,33926
68,34496
57,33791
60,33838
59,34159
65,35053
63,34829
61,34333
63,33832
61,34436
61,34543
58,33682
60,34187
63,33939
63,34417
60,34703
64,34583
61,34631
60,34167
60,33840
68,34547
60,33975
60,34174
61,34978
60,34434
59,34235
55,34178
59,34110
58,33793
63,34243
60,34033
58,33633
56,34214
62,34671
57,33070
66,34046
60,34090
65,34196
62,33733
57,33679
58,34236
61,34241
62,34367
60,34589
62,34342
59,33806
57,33488
63,33977
61,34368
63,34795
63,33874
63,33954
64,34148
65,34780
66,34235
62,34373
60,34124
64,34659
63,34511
63,34279
60,34064
64,34106
61,34272
62,34523
60,33839
67,34025
63,34057
60,34166
63,34370
60,34609
60,33833
64,33924
65,34725
59,33702
70,34724
59,34507
60,33267
58,34344
61,34665
58,34113
64,34102
57,34144
58,33832
58,33647
62,34515
60,34330
62,34645
62,34076
62,33595
62,34375
58,34595
65,34446
61,34201
60,33953
60,33104
64,33998
63,34066
54,33723
62,34245
60,33694
64,34619
62,33690
63,34408
57,34386
56,34845
66,34891
63,33612
61,34122
61,34365
59,33828
60,33921
65,35253
59,34794
67,34141
62,34944
60,34248
60,33424
57,34114
62,33288
59,34281
62,34840
66,34211
61,34264
58,33726
63,34256
62,33817
64,33454
59,34219
58,33958
61,34870
64,34262
66,34809
57,34033
61,33898
63,33808
58,33782
64,35230
65,33978
59,33932
64,34557
56,34058
54,33347
59,34470
61,33261
59,34054
55,33544
63,34240
57,34132
59,33884
57,33527
61,34449
61,33882
64,34287
59,33966
63,34356
61,34662
61,34667
61,34331
65,33612
58,34434
63,34649
58,33907
61,33864
66,35496
59,34088
56,33642
61,33732
61,33866
57,34492
60,34455
56,34196
59,34046
65,33806
62,33831
59,33675
62,33909
62,34318
58,34497
62,34582
62,34340
56,33877
62,34301
57,33409
62,34466
64,34700
59,34088
59,33823
60,34332
58,33946
57,34535
58,34105
58,34170
61,34181
61,34429
62,35572
65,34189
61,34099
60,33775
61,33784
59,33711
55,33591
60,34118
62,34314
58,34431
54,34813
61,33597
63,34966
59,33932
66,34237
63,34250
60,34219
64,34346
61,34485
58,33889
62,34792
60,34321
63,33528
58,33581
61,34105
60,34591
60,35152
57,33572
64,34279
55,33819
60,34239
57,33813
57,34070
65,34581
62,34929
59,33856
60,33691
60,34704
63,34688
58,34145
66,34708
63,34351
61,34822
58,33863
62,33902
65,34565
65,34761
58,34019
60,34134
59,33673
60,34056
61,34405
61,34551
59,34127
60,34528
60,34600
58,34287
59,33972
65,34186
60,33628
62,34138
57,34335
66,35078
59,34122
58,33926
62,33910
59,34324
63,34525
60,34755
56,33916
58,34022
62,33656
61,34182
63,34202
62,34557
60,34386
62,33595
61,34232
60,34416
60,34947
65,35037
56,33940
57,34241
62,34767
61,34708
62,33980
59,33976
60,34509
58,34261
62,33694
59,33407
61,34713
65,34117
60,33470
57,34464
62,34883
62,34183
60,34634
63,34443
63,33994
67,34117
64,34663
67,34616
57,34523
62,34089
59,34334
63,35264
58,34103
64,34719
60,34400
61,34520
68,34543
63,33465
56,34132
64,33876
66,34519
58,34244
60,33796
58,33444
59,34227
61,34296
58,33853
61,34959
58,33698
58,34306
60,33917
61,34134
56,33745
58,34305
63,34409
62,34436
58,33839
65,34575
59,35009
61,34926
69,35150
62,33802
59,34624
61,33867
60,34118
59,34082
56,33641
65,34233
59,33922
60,34724
61,34073
64,35230
62,34436
62,34066
60,34726
57,33561
58,34064
61,33252
62,34670
58,34654
61,34131
65,34974
59,34059
63,34785
64,34152
64,35037
63,34145
65,34310
59,33996
60,34211
57,34664
59,33959
61,34898
61,33745
60,33780
60,34569
65,34055
61,34311
56,33822
56,34194
58,33570
58,33793
62,34897
62,34033
61,34706
63,34822
59,33170
59,33620
58,33813
60,34287
63,34184
61,34403
70,33960
65,34024
60,34135
61,34085
58,33954
66,34430
59,33576
60,35281
59,33937
59,33918
63,33968
61,34537
59,33849
61,33309
63,34620
60,34015
58,34419
64,34032
63,33891
59,33916
62,33950
57,33890
63,34086
61,34835
63,34143
62,34832
64,33742
63,34379
58,34129
62,34335
59,33971
60,34060
59,33748
64,34191
54,33422
62,34496
64,34058
59,33562
60,35024
65,34612
56,33371
67,34521
57,34090
61,34262
66,34956
65,33740
64,33926
59,33261
62,34106
58,33518
57,34011
60,34762
69,34762
61,33884
59,34800
70,33565
57,33928
60,33993
60,34484
62,33589
60,34474
58,33597
65,34475
57,34017
65,33928
61,34124
61,33615
60,34618
62,34000
60,34294
62,33727
66,34206
63,34480
59,34156
61,33473
61,34787
61,33870
59,34168
62,34424
62,34367
60,33951
63,34188
59,34615
59,34369
58,33857
63,34426
57,33773
68,34943
57,34840
58,34009
63,34131
64,34268
60,34738
60,34219
63,33998
60,34456
57,33746
61,33846
62,34770
57,34632
59,33485
57,33765
60,33875
56,33778
62,33862
67,34415
57,33921
62,34979
59,33618
63,34743
60,34093
59,34405
58,33448
61,34074
63,34288
57,34247
58,34029
60,34214
61,34334
57,33247
59,33432
64,34067
63,34966
62,34256
66,34665
63,35060
59,33679
61,33736
56,34573
59,34470
56,33894
60,34154
65,33592
58,33731
56,33975
62,34644
65,34526
64,33922
63,34676
66,34759
58,33619
63,35260
64,34175
63,34012
63,34471
60,34843
62,34318
59,34416
61,34130
60,33775
60,33596
57,33688
59,33970
61,34419
63,34395
56,33660
57,34717
57,34128
55,34230
65,34342
59,34044
65,34078
63,34938
59,33930
57,33943
63,34277
66,34263
59,34344
60,33734
62,34083
60,33717
63,34602
66,34929
60,34637
59,33356
61,34180
62,34782
57,34703
65,34510
64,34545
61,33768
52,34544
59,34503
60,33563
57,34095
60,33950
60,33029
57,34273
60,34519
65,34692
60,33512
57,33787
55,33974
62,33800
62,33664
58,34574
67,34099
57,33906
61,34163
60,33960
63,34620
61,34064
60,33905
62,34060
59,33532
68,34650
61,34438
57,34271
62,33939
64,34047
59,34131
63,34678
59,34438
58,33922
58,34110
64,34450
60,33475
64,34734
65,34930
65,34983
63,33985
58,34076
62,33452
60,33990
64,33860
63,34023
63,34423
60,34422
61,34165
59,33998
66,34746
59,34062
60,34325
58,34329
66,35181
65,34448
60,33598
60,34283
62,34888
62,34316
62,34639
58,33049
61,33872
64,34379
62,34414
57,34467
61,34466
59,34460
63,34543
59,34688
57,34471
60,34082
66,34138
57,34133
58,34349
59,34254
61,34189
59,33793
57,34403
59,33509
56,33901
61,34656
58,34330
63,34086
61,34303
62,34293
62,34422
63,34857
61,33622
62,33884
64,34183
56,34027
63,34574
58,33726
65,34060
68,34187
62,34070
62,34232
63,34246
60,33974
64,33777
66,34471
61,34625
61,34971
69,34745
63,34426
58,33259
64,34332
57,34472
66,34519
61,34400
56,33373
60,34113
57,33806
58,33840
64,33982
66,34117
57,34482
59,33881
62,34003
64,34597
62,35021
59,33634
62,34540
61,33578
56,34116
59,34529
59,33476
62,33948
58,34456
61,33722
59,34233
57,34560
62,34299
59,34528
59,34243
66,34499
64,34290
57,34547
56,34236
59,33932
65,34843
59,33492
60,33771
61,34527
59,34197
61,34218
53,33462
59,34442
62,33919
65,34549
56,33867
63,33994
62,34373
58,33350
58,34364
60,34223
57,33951
63,34803
58,34233
62,34582
60,33999
62,34558
66,34240
57,34188
58,34229
59,34252
62,34091
56,33844
60,33497
59,33796
60,34398
56,33905
63,34504
62,34783
61,34612
62,33462
60,33604
61,34091
60,34658
58,34487
60,34590
63,33942
66,34643
62,34078
64,34110
65,34357
61,34452
60,34428
56,33645
60,34474
58,34144
61,34258
61,34285
61,33953
59,34257
59,34041
59,34148
58,33940
64,34763
57,33843
62,33962
59,34268
58,33580
56,34180
61,33674
62,34517
65,34170
59,34378
60,34541
60,34538
57,33582
59,33907
61,33858
64,34867
63,33729
66,35160
58,33490
60,33868
61,33958
67,34703
66,34516
55,34307
59,33899
59,33706
59,34547
59,33950
69,34165
62,34969
62,34580
57,33499
62,33828
61,34979
57,34090
62,34112
62,34646
61,34639
65,34784
62,33899
63,34296
61,33632
60,34378
54,33396
60,33954
58,33728
58,33677
61,34222
62,34893
59,33957
59,34097
62,33678
59,34502
62,33692
61,34332
59,33432
65,34622
58,33966
56,33992
61,33955
58,33706
58,33988
59,34399
62,34502
59,34529
58,34223
62,34001
66,33956
62,33962
59,34527
62,34461
61,34275
63,33520
57,34379
60,33997
60,34424
59,34234
60,34278
59,33818
59,33997
61,34726
64,34789
59,34994
59,34016
60,34133
60,34209
62,34048
60,33323
61,34302
61,34256
62,34581
64,33997
65,34203
59,34695
60,33750
59,33508
59,34175
59,33832
67,34365
57,34057
66,35092
62,33520
60,34381
61,34713
57,33861
60,33520
59,34183
59,34469
61,34663
59,34119
60,34776
62,34670
62,34717
58,33942
60,33893
60,34198
58,33872
61,34183
62,34491
65,34169
54,33444
60,33940
63,33542
62,33825
55,34419
61,34267
62,34243
61,33970
62,33757
63,34273
65,34558
59,34671
64,34246
62,34241
60,33912
64,34505
59,34237
63,34717
60,34206
59,34386
60,33307
60,34104
58,34389
64,34199
64,35128
65,33850
57,34529
59,34288
59,33486
63,33903
60,34755
62,34290
61,34804
68,33868
62,34433
62,34374
56,33568
67,34788
64,34392
58,33804
61,34052
62,34712
61,34158
59,34035
58,34141
63,34403
59,33617
61,33878
59,34017
61,33861
65,34567
64,33940
61,34078
61,33926
61,34665
55,34433
65,34294
57,33830
61,34350
60,33603
58,33885
59,34060
58,34801
61,34963
60,34406
63,34379
59,33514
60,34748
61,34205
58,33982
61,34430
62,34741
62,33362
63,33629
62,34349
65,34550
60,33993
61,34297
62,34395
61,34065
56,33227
60,34822
64,34649
59,33405
67,35012
58,33965
57,33614
57,34586
64,34369
57,34397
62,33750
57,33612
62,33979
61,34255
60,35272
58,34237
61,33788
63,34689
63,34853
63,34016
62,34495
61,34882
61,34243
64,34406
61,33886
62,34796
63,34841
63,33577
59,34359
59,34076
62,34211
67,34468
65,34725
62,34337
60,33852
62,33938
59,33981
61,33994
62,33422
61,33821
62,34693
58,33149
58,33817
63,34040
63,34110
58,34261
64,33517
68,34215
59,34366
61,34913
59,34261
60,33852
57,33696
60,33944
59,34803
61,34399
60,34415
66,34198
59,34808
58,33708
61,34456
59,33836
64,34744
60,34470
58,33868
59,33894
57,33938
55,33302
60,33323
59,33975
61,33663
61,33796
57,33755
60,34565
58,34474
60,34103
60,34319
59,34421
61,34427
61,34269
56,34442
63,34351
58,34145
57,34017
58,34001
63,34139
60,34456
61,33909
60,33764
61,34078
64,34614
59,34103
60,34218
59,34237
64,33910
60,34420
63,34408
59,34043
65,34824
57,34620
60,33815
56,33912
59,34311
64,34115
63,34249
63,34162
60,33511
62,34317
59,34080
59,34588
64,34692
59,34758
61,34371
61,34294
60,33505
59,35099
60,34587
60,34643
58,33764
59,34202
56,33981
57,34502
60,34180
65,34992
64,34262
63,34111
56,34062
58,33841
59,34316
56,33583
61,34020
59,34119
63,34203
59,33847
57,33852
58,35043
58,33652
57,34690
62,34088
62,33790
65,34534
65,34324
62,34453
63,34584
64,34303
64,34350
65,33816
56,33983
65,34326
54,34220
62,33869
57,33939
62,33422
67,35069
61,34110
58,34416
62,33793
64,34977
60,33968
60,34022
64,34216
62,34506
63,34752
56,34163
59,34298
66,34874
61,34072
58,34433
59,34312
60,34621
62,35125
65,34479
67,34258
58,33570
55,33799
58,33858
60,33823
65,34497
62,34437
59,34286
64,34366
62,34183
63,34193
61,34535
63,34148
59,33660
58,33736
59,33546
62,34388
65,34019
61,33902
60,34414
59,33804
64,34249
63,34400
59,33911
60,33631
61,34334
59,34708
60,33737
59,34755
62,34789
59,34406
63,34010
60,33512
63,34135
64,35095
58,34422
61,33630
59,33200
62,34034
59,33806
58,34700
63,33500
60,33867
61,34376
63,33844
70,34221
58,34230
57,34106
60,34183
59,33767
60,33832
57,33896
60,33465
59,34076
57,34020
59,34496
63,33955
57,34118
66,34244
65,34221
61,34470
62,34126
62,34235
59,34186
63,34602
59,34546
58,34242
66,34306
59,34322
65,34415
58,33652
64,33748
59,34461
60,33941
60,34607
63,33769
58,33827
66,34437
59,34423
60,34399
61,34368
62,33620
64,34773
64,35177
54,33733
64,33926
65,34571
63,34290
62,34371
58,34045
60,34786
60,34108
58,34017
64,34279
60,34208
58,34195
62,33998
58,33637
61,34056
57,33780
57,33547
62,35274
60,34620
56,33821
63,34541
60,34347
57,34319
60,34583
63,34577
61,34216
60,34785
60,34389
57,34408
65,34637
58,34027
58,34184
59,34294
61,34279
61,34405
57,33780
62,34941
61,34628
61,34580
59,34095
60,33482
58,34625
61,34498
63,33958
59,33411
60,34099
62,33854
63,34889
57,33891
60,34375
61,34825
57,33987
60,33742
62,34164
63,34001
65,33642
60,34231
69,34460
63,34134
64,35083
62,33783
59,33515
63,33718
61,34351
60,34414
60,35072
62,34233
61,34114
61,33869
56,33592
61,33655
61,34220
61,34077
63,34182
64,34132
66,34255
65,34390
62,33822
59,34307
61,34224
57,33924
60,34291
59,33914
65,34442
64,34198
59,33991
61,33824
62,34217
62,34096
61,34201
65,34207
59,34113
62,34471
56,33454
63,33889
60,33767
62,34212
60,34451
62,34399
60,33894
65,33800
56,34242
59,34645
64,34613
61,34675
59,34234
60,33747
62,34066
63,34290
59,34437
63,34272
60,34250
62,34753
61,33770
61,33947
56,33534
61,33863
63,34876
63,33897
58,34008
61,34238
65,34603
62,34382
61,34802
59,33968
59,34138
63,34806
61,34737
65,34543
62,34381
59,33820
61,34077
57,34295
63,34158
58,34177
61,33140
59,34013
60,33831
61,33952
60,33406
60,34418
58,33928
67,34200
59,33692
58,34419
58,33453
63,34610
59,34105
62,34350
57,33985
58,34189
60,33936
60,35140
60,34288
60,33788
65,34265
64,33668
63,34238
59,34595
62,34740
59,33817
62,34635
67,34881
67,34380
59,34529
59,34055
57,33625
62,33470
61,34390
59,33942
59,34034
60,34816
64,34757
65,34264
66,35537
56,34350
59,34197
58,34292
61,33843
58,33637
62,33970
61,33864
60,34533
59,34170
58,33843
63,34733
62,33847
58,34166
65,34152
58,34625
62,34295
61,33810
60,34199
67,34164
59,34029
61,34378
62,34056
60,33697
60,34479
56,33666
58,34376
64,34765
62,34051
57,33059
67,33962
57,34240
67,34109
61,33466
62,34250
62,33755
61,33523
61,34328
61,34271
64,34045
58,33923
64,34379
62,33725
57,33786
64,34295
63,34272
60,35047
61,33959
61,34393
58,34231
61,34205
60,34117
63,33923
64,34365
64,34490
59,35111
59,34089
67,34896
64,34861
60,33963
61,34304
63,33671
59,34610
63,34539
60,34254
59,33853
60,34358
57,34468
62,34244
58,34261
60,34413
61,33854
62,34272
67,34931
65,34714
61,34229
58,33748
62,34311
57,33998
61,34063
60,34350
58,34777
60,33911
57,34217
57,34463
65,34868
60,34754
65,34521
59,33672
59,34632
60,34183
61,34016
61,34294
62,34370
63,34197
59,34691
59,33382
54,34246
62,34650
57,34323
57,34485
61,34705
57,34004
63,34328
61,34338
62,34593
60,33760
66,33943
63,34381
58,34098
58,34050
63,34238
63,34685
62,34299
59,33561
66,33772
62,34370
62,34417
59,34153
58,33474
59,33932
60,33801
61,34210
70,34563
64,34497
61,33627
61,33873
61,33178
59,34689
67,33780
66,33830
57,33955
62,34279
59,33777
58,34413
54,34040
63,34338
59,33688
62,34328
59,34282
65,33470
61,34706
54,33979
61,34129
66,34195
58,34535
61,33737
63,33854
58,34056
61,34118
61,34184
62,33702
60,34667
64,34401
59,34663
58,34427
61,34645
64,34259
67,34976
59,34582
61,34386
59,33765
67,34665
61,34135
62,33816
62,34901
60,34471
64,34491
62,34172
61,33459
65,33965
58,34093
58,34421
60,33792
60,34005
65,34524
63,34574
56,34146
58,33537
63,34951
59,34290
60,33949
66,34599
63,34414
63,34931
60,33723
59,33757
57,34377
60,34356
65,35118
58,34661
62,34968
59,34646
61,34065
62,34438
62,34346
58,34298
60,33690
63,33865
56,34067
61,33704
64,34373
56,34616
63,33810
61,33486
56,34161
60,34625
58,33785
60,34161
57,34199
60,33940
58,34048
56,33779
60,34502
60,33850
63,33965
61,33260
63,34041
62,34418
61,33932
66,34119
65,34551
63,34653
63,34099
64,34423
62,34781
58,33688
63,33825
58,34436
63,35017
55,33790
62,34471
61,33752
66,34906
64,34378
65,34663
62,34208
62,34484
59,34654
62,34172
59,33783
62,34024
60,33773
63,34480
58,33851
64,34693
59,33785
64,34381
59,34364
62,34165
62,34345
57,34908
59,33897
65,34377
64,33755
61,34825
60,33968
59,33861
61,34930
60,33874
58,33704
57,33647
60,33829
62,33870
58,34197
61,33937
58,33823
57,33813
64,34349
70,34743
57,34260
60,33892
62,33837
59,33964
62,34316
63,34394
60,34132
61,33314
58,33799
61,33645
58,34044
57,34240
62,34831
60,34639
61,34494
56,33772
60,33256
59,33631
59,33249
59,34241
60,34054
63,33681
63,34235
59,33728
62,33788
55,34075
58,34758
59,34227
58,33828
62,34002
61,34471
63,34463
61,34416
66,33975
59,33694
63,34758
57,33048
65,34315
59,34276
65,34605
61,33587
56,34271
58,34423
62,33841
59,34234
59,34313
56,34497
63,33815
64,34873
62,34486
61,34053
62,34784
60,34010
59,34185
58,34713
62,34076
54,33309
59,33943
63,33624
63,34414
60,34096
60,33975
62,34354
60,33923
60,33880
64,34779
63,34218
62,33970
58,34269
62,34654
60,34595
62,33869
61,33648
61,33977
58,33818
59,34304
56,34293
64,34894
64,34016
59,33935
59,34270
64,34462
66,34129
62,34150
56,33908
63,34026
63,33803
61,33540
62,33922
60,33886
58,34600
62,34388
60,33847
61,34280
61,34064
62,34486
59,34458
57,34515
59,34200
59,34044
59,34720
62,34792
62,34326
58,34287
63,33987
65,34337
55,34331
61,34475
59,34606
63,33988
62,34143
57,33978
62,33603
60,34023
59,33764
64,34436
61,34835
54,33712
64,34325
61,33707
62,34953
62,33463
63,34404
59,33983
60,34347
59,33915
59,34038
67,35018
62,33269
60,33849
55,34173
61,33622
60,34714
58,33465
63,34320
59,33914
62,34407
62,34019
65,33917
58,35040
62,34933
58,33838
63,34057
57,34527
57,33886
56,34420
65,34500
59,33264
65,34166
64,33525
62,34071
62,34409
55,34826
64,34109
63,34735
58,34406
57,34320
58,34134
64,34513
62,34886
62,34830
58,34354
61,34323
58,34068
62,33894
65,34006
63,34244
67,34826
61,34327
67,34653
64,33486
66,34468
62,34238
61,33587
60,34357
64,34073
60,34724
62,34282
63,33965
58,34498
64,33656
59,34135
65,33900
60,33173
61,34422
57,34197
59,33573
57,33830
63,34552
58,33842
56,34287
62,34587
59,34259
62,33587
64,33608
58,33112
61,34316
60,34844
65,34309
59,33937
62,34172
58,34196
65,34133
62,34558
66,34928
59,33574
61,34373
59,34217
56,33419
58,34241
66,33834
62,34198
64,34312
60,34211
59,33801
65,34952
65,33883
63,34284
57,34600
63,34198
59,33869
53,33337
58,33820
63,34237
57,34257
58,33875
62,34325
60,34364
62,34971
62,34727
60,33773
58,33796
56,34010
57,33582
54,34237
64,34276
61,34170
63,33593
58,34161
60,33758
61,34985
64,34223
62,34007
58,33969
61,34396
63,34629
58,33753
59,34130
54,33960
66,34779
56,34002
63,33874
60,34334
61,34418
68,34169
64,34331
56,34153
59,34295
59,33573
60,34168
59,34488
61,34314
62,34496
61,33385
64,34025
64,34170
58,34481
63,33929
64,34898
59,33814
60,33741
62,33555
59,33678
64,34385
57,34012
57,34041
58,34399
59,33861
60,34308
61,33952
60,33883
64,34179
58,33541
61,34819
63,34561
59,34166
59,33700
60,35352
58,33911
60,33920
57,34141
53,34159
59,34019
62,33883
54,33519
61,34222
60,34098
60,34708
60,34682
61,33845
60,33953
62,34511
60,34107
60,34063
63,34700
63,34069
61,34354
58,34375
57,33984
65,34508
57,33586
63,33509
63,34699
55,33989
57,34090
63,34061
62,33776
63,34670
58,34304
59,33988
63,34711
57,33989
59,33946
63,34214
58,34342
61,34346
62,34580
58,33512
65,34298
58,33744
64,34481
61,34302
60,34262
62,34082
59,34518
60,34056
61,34617
63,34335
61,34169
64,33695
56,33444
61,34023
62,33542
66,34193
64,34490
60,34304
64,33588
59,33606
63,34489
63,34741
58,33426
60,33946
57,34546
59,34059
58,34099
65,34511
58,33773
60,34185
62,34974
61,34196
62,34253
60,34009
60,34433
59,34752
62,34093
61,34770
63,34658
60,34067
60,33683
56,34253
64,34631
60,34428
60,34154
64,34013
66,34525
62,34060
61,33743
63,34464
62,34424
58,34525
58,33609
60,34049
59,33344
60,34314
63,34304
58,34333
61,34410
61,34394
61,33568
64,34168
59,33576
58,33549
63,33595
58,33554
58,33604
61,33991
59,33790
59,34625
61,34316
61,33442
59,33982
59,33814
57,34304
61,33912
61,34027
61,33993
66,34195
59,34033
58,34070
62,34000
64,34511
61,34276
62,33846
61,34518
60,34559
66,35006
59,33804
60,34197
61,34392
59,33492
59,34010
60,34383
65,34490
59,34038
66,34419
63,34165
62,34021
59,34081
63,35592
63,33941
63,34321
61,34683
61,34342
62,34890
58,33873
63,33839
59,34194
59,34867
56,33761
58,34514
58,33835
64,34858
63,33873
63,34204
61,34853
58,33899
60,33685
62,34015
64,34691
61,34204
63,34405
63,34781
57,33943
56,34516
65,35132
61,34443
58,34756
60,33786
62,34417
58,33857
59,34526
62,34374
64,34512
60,34280
59,33691
60,34581
60,34248
62,34152
60,34425
63,34438
59,33966
61,33975
63,34154
63,34178
69,34785
59,34245
59,34287
57,33678
67,33970
58,34442
61,34212
62,34906
59,34386
62,35005
63,33801
59,33873
61,34709
57,34464
61,34254
65,34199
56,33963
61,33807
59,33914
58,34147
63,33985
61,34324
60,33605
60,34014
65,33801
61,33549
62,34209
61,33963
61,33989
64,34385
59,33730
60,34437
59,34053
58,34623
63,34120
64,34467
60,34355
69,35203
64,34287
63,34099
59,34387
57,33923
58,34382
63,33958
57,33065
62,34284
59,34206
56,34034
63,34302
60,34290
61,34096
65,34692
60,34616
63,33601
58,34542
64,34479
65,33942
61,34584
60,34496
59,34487
60,34502
59,34154
57,33934
61,34853
59,33872
62,34687
63,33983
65,34335
59,34414
58,33365
59,34926
61,33828
61,34465
58,33776
60,34330
63,33390
63,34262
61,34524
62,33988
61,33932
59,33788
59,34247
62,33951
63,34752
59,33953
64,33567
59,34056
56,34667
68,33449
59,33781
62,34031
58,34165
62,34162
64,34358
57,34220
59,33943
63,34144
56,34388
60,34876
62,34469
59,34137
59,34204
64,34224
59,33984
62,33918
56,34618
57,33977
62,34003
62,34217
58,34154
61,34306
59,34310
59,33994
64,34656
60,33694
60,33879
61,33840
61,34681
62,33829
61,34008
54,33216
59,34231
60,33970
63,34136
62,34031
61,33798
59,34627
66,34830
63,34342
63,34455
61,33847
62,34563
63,33991
60,33853
58,34106
64,33818
57,34490
59,33587
57,33487
64,34479
58,34427
56,33993
66,34249
60,34084
61,34240
65,34361
60,34504
59,33613
61,33961
63,34397
60,34526
59,34366
58,33952
61,34210
59,33546
59,34148
60,33830
63,34341
62,33696
63,34404
58,34442
59,34091
62,34617
57,34075
64,34274
62,33742
62,34960
59,34711
65,34312
59,34186
60,34099
63,34768
58,33857
60,34099
58,34055
61,33908
61,34423
56,33796
65,33819
62,34044
67,34843
60,33793
65,33842
63,33627
64,34376
62,33638
60,35041
61,34664
66,34195
61,33987
59,33210
59,33548
63,34118
58,34078
59,33657
60,34737
58,33995
60,33362
54,34532
66,33978
57,34108
61,34588
61,34561
57,34689
68,34199
56,33720
64,34879
62,34043
56,33882
58,34041
64,34427
57,34189
63,34770
62,34497
60,33963
63,34272
57,33682
63,34525
60,33881
56,33738
57,34181
58,34047
59,34192
57,33442
56,34142
59,34227
63,34345
63,34394
62,34827
61,34433
58,34103
64,34654
60,33872
59,33255
62,34359
57,34214
59,34448
60,34189
61,34555
60,34064
58,33682
62,33825
58,34199
58,34199
58,33340
58,34336
62,33996
61,34359
63,34790
62,34097
61,34544
64,34111
63,34867
58,34307
63,34445
65,34837
61,34536
59,34347
57,34393
55,33787
61,33577
69,34601
62,34712
66,34566
61,34252
62,35275
58,34408
61,34045
64,33987
59,33556
61,34394
58,34426
61,34633
59,34154
64,34472
60,33905
59,34326
59,34386
63,34912
57,33186
57,33536
63,34022
61,34275
60,34201
60,34202
65,34564
60,34229
60,34152
59,33933
59,34464
59,34078
60,33799
64,34107
65,35078
63,34387
61,35001
61,34263
56,34053
62,33621
67,34179
61,35115
61,34071
60,34378
59,34693
61,34272
59,35099
65,35039
55,34165
61,34736
56,34062
59,34112
63,34617
62,34533
59,33933
59,33763
63,34169
60,33792
59,34361
62,34066
60,34073
61,34746
59,34258
61,34253
59,34208
59,34726
59,33400
65,34814
73,34983
60,33843
62,33766
66,35154
64,34873
59,33939
57,34272
60,34497
61,34085
60,33687
60,34017
64,34352
62,34307
66,34343
63,34442
64,34392
64,33920
65,34322
61,34483
57,33893
62,34069
59,33756
65,34829
63,34347
62,34538
61,34063
64,34201
56,34207
60,33878
58,33535
62,34032
63,34235
61,34040
61,34086
57,33601
63,34963
63,33841
57,33103
60,33262
63,34311
69,34671
63,33971
61,34207
61,33961
62,33911
59,34693
60,34120
57,33480
56,34251
61,33846
60,34519
63,33807
68,34351
59,34329
61,34845
64,35047
59,34023
59,34446
61,34487
61,34109
59,33866
61,34283
59,33685
56,33667
64,34605
59,33220
58,34290
60,34530
64,34367
62,34741
62,33975
58,33991
58,33612
62,34338
61,34703
56,33718
55,33857
63,34052
59,34240
57,33676
56,33281
60,33998
65,33514
61,33924
64,34011
59,33793
59,33786
67,34329
62,33875
60,33726
61,34508
62,34285
58,33620
59,34218
62,34194
61,34340
62,34708
57,33881
62,34645
60,33871
56,33077
59,34480
59,34613
66,34003
61,34401
58,34274
65,34528
59,33622
62,34375
59,34612
63,33717
59,33287
56,34356
66,34272
63,34949
60,34039
63,34373
61,34337
60,34409
65,33679
57,33906
64,34526
57,34488
59,33586
57,34599
65,34383
60,33741
62,33567
57,33910
59,33809
58,34147
62,33857
59,34165
62,34385
65,34574
64,35066
59,34755
60,34427
64,34163
58,33853
62,33850
63,34098
56,33941
57,34385
59,33917
65,34268
61,33974
59,34010
58,33598
62,34700
64,34110
60,35352
61,33949
56,34770
59,33768
58,33341
71,34324
58,33934
59,34294
61,34400
62,34953
60,34681
61,33326
61,34181
61,33534
63,34459
58,34455
59,34147
62,33833
63,33666
63,33534
60,34064
64,34328
62,34165
65,34211
57,33840
60,33484
61,34625
61,33820
62,34420
61,34555
59,34629
61,34221
60,33579
60,33736
56,34595
62,33946
60,33803
63,34729
59,33725
63,34678
60,33951
62,33907
66,34841
58,34115
63,34374
61,34895
61,33346
58,33850
59,34367
60,33344
61,34656
63,34089
60,34154
63,34459
61,34836
59,34434
64,34413
62,34378
61,34263
55,33677
66,34463
65,34000
67,34257
59,34261
61,34571
61,33984
64,34757
61,34159
58,34245
61,34605
67,34555
64,33951
57,34578
57,34599
57,35676
63,34509
59,34607
62,33767
63,33388
59,33521
59,33386
57,34614
62,34338
68,34522
65,33699
66,33905
57,33943
60,34540
56,34124
60,33839
64,33642
57,33949
61,33653
64,34252
61,34188
60,33646
59,33882
61,33939
59,34631
62,34089
62,34303
60,33590
62,34287
60,34059
57,34400
63,34206
56,33811
60,34758
55,33502
57,34272
61,34128
65,34632
60,34282
59,33697
58,33644
58,33899
59,34022
59,33372
59,34071
59,33258
60,33837
57,33591
62,34822
61,33600
60,33599
64,34097
62,34902
57,34072
65,34058
63,34587
62,34829
60,34275
63,34215
60,33824
61,34511
64,34587
59,34397
53,33619
58,33849
62,35101
59,33987
60,33950
63,33994
59,33795
66,34236
59,33920
58,34245
62,34108
64,34491
57,33935
63,34223
64,34739
59,34391
56,33950
65,34366
65,33565
60,33796
60,34083
63,33572
59,34019
58,33856
61,33458
66,33984
60,34230
58,33309
65,34074
62,34553
61,34191
68,34609
63,34719
58,33870
63,34790
61,34186
60,33976
64,34570
64,34122
57,33465
61,33896
65,34835
64,34380
58,34006
61,34508
58,33843
61,34364
60,34237
61,34442
59,33689
60,34177
64,34387
61,35059
57,35274
60,34211
63,34843
62,34723
60,34081
65,34107
63,34417
63,34331
63,34494
61,34783
64,35076
57,33496
64,34307
59,34154
64,34538
59,34473
62,34170
60,34263
61,33709
65,33679
61,34870
60,34637
62,34552
63,34661
63,34375
62,34186
64,33806
60,34278
59,35094
58,34513
58,33655
63,34761
62,35264
60,34394
66,34488
61,33589
58,34128
60,34386
58,33957
65,34899
63,34403
59,34119
57,34047
64,34219
67,33982
64,34744
65,34482
57,34749
61,34224
59,33736
62,34340
57,33843
64,34134
59,34752
59,35146
57,33359
57,33273
58,34072
58,33873
60,34149
63,34507
62,34435
63,34126
61,34000
59,34554
63,34140
60,33781
60,34118
64,33993
65,33930
63,33535
62,34122
61,33854
62,34344
61,33466
60,33847
59,33642
62,34490
64,34112
67,34440
61,34072
65,34628
59,34045
56,34513
62,33377
58,34146
63,34088
61,33258
60,34282
62,34891
56,34389
60,34494
57,33744
57,34398
63,33991
64,34602
58,33802
58,34396
61,34759
58,33888
64,34632
71,34630
68,34581
61,34201
58,34491
65,34424
63,34366
56,34184
61,33659
64,34363
59,34706
59,33543
61,34308
59,33577
62,34238
62,33681
61,34353
65,33811
57,33927
61,34607
66,34133
62,34395
62,33410
64,34477
58,33067
56,33234
57,34045
63,33802
59,33247
59,34165
62,34285
62,33921
63,33822
63,34406
56,34273
66,34729
66,33973
59,34088
59,34929
58,34502
61,34255
56,34107
61,34296
60,33230
62,34532
63,34446
61,33528
63,34679
63,35064
56,34222
59,34568
61,33853
63,34065
62,33953
55,33292
62,34726
64,34159
67,34899
64,34744
58,34355
62,34537
65,33829
57,33782
60,34254
60,32963
61,34104
62,34149
61,34230
61,34829
60,34100
65,33605
63,34136
60,34097
60,34464
59,33914
59,34035
62,34159
59,33829
67,35001
64,33589
66,35433
62,34907
67,34526
64,33902
63,33768
59,33278
63,34209
61,34523
60,33768
60,34058
67,34847
65,34310
64,33626
62,34445
63,34863
58,33426
67,34154
61,34278
62,34172
59,34069
57,33935
61,33997
60,33131
58,33962
56,34065
61,34332
59,34035
58,34180
58,35136
64,33904
63,34434
56,33958
62,34522
59,33779
59,34031
64,34157
63,34610
60,33382
55,33460
58,34506
59,33665
58,34067
58,34324
58,33938
62,34187
58,34390
61,34384
66,34900
62,34567
57,33984
60,34141
63,35023
60,34122
62,34063
60,33755
65,34357
60,34256
63,34318
59,33765
66,33660
64,33863
64,34210
58,33723
56,33921
56,34092
59,34274
63,35024
59,34282
64,33817
61,34614
59,34419
59,34248
61,34184
65,34713
58,33521
60,34125
60,34560
58,34249
54,33830
65,34327
63,34292
61,34262
62,34466
66,34449
60,33775
64,34757
58,32819
63,34329
60,33417
62,34156
59,33998
59,34445
60,34514
57,34346
62,33785
63,34128
62,33818
59,34022
63,34398
64,34389
66,34455
59,34512
59,34226
62,34525
66,34894
62,33835
61,34361
62,34461
61,33458
56,33886
58,33660
57,34852
58,33935
64,34326
57,34209
62,34590
62,34443
60,34281
60,34182
57,33471
61,34185
61,34054
60,34448
57,33850
64,34966
61,34474
55,33411
62,34739
58,34885
57,33750
59,34587
59,33975
59,33257
59,33737
63,34684
62,33816
62,33660
59,33885
62,33880
62,34696
56,33958
54,33613
60,34640
56,33231
56,33551
64,33671
61,33625
60,33843
59,34799
62,35244
64,34780
63,33936
61,34641
61,34454
63,34083
61,33423
57,33732
62,34687
60,33715
63,33582
63,33906
62,33580
63,34777
60,33439
62,33661
58,33751
56,34489
60,34316
63,33906
55,33119
55,33592
59,34055
58,34009
60,33518
57,34576
59,33765
60,34534
57,33974
60,34067
61,34556
61,34035
64,34398
57,34231
58,34261
61,34888
58,33639
60,35183
58,34230
61,33348
61,34196
62,34149
58,33872
58,34167
59,34672
60,34421
63,34358
65,34120
65,33815
57,33416
64,33840
59,33768
62,34148
61,34266
64,34623
63,34175
56,33860
61,34488
63,33910
58,33866
59,34056
64,34381
61,33879
56,33902
60,34134
65,33705
66,34035
65,33615
67,34248
61,33971
63,34844
62,34492
62,34099
60,33950
59,34113
64,34125
66,33700
62,34432
67,33857
64,33916
64,34214
57,34036
62,34595
63,34757
61,34319
60,35078
64,34543
65,34699
63,34737
55,33224
61,34624
61,33615
63,33974
65,34795
61,34510
61,34200
58,34591
65,34870
60,34534
59,34153
60,34171
59,34119
63,34457
61,33840
63,33832
65,34130
61,34139
61,33878
63,34618
61,33631
61,34545
63,33981
59,33950
61,33657
65,34128
55,33915
62,34079
60,33948
61,33813
60,34306
60,34017
62,34737
66,34088
62,34543
63,34398
57,34376
60,33304
59,34127
57,33537
59,33965
64,34145
60,34573
58,34072
57,33793
60,34436
59,34091
68,34769
61,34366
62,34807
60,33982
63,34498
59,33882
57,34356
59,34505
64,34323
66,34921
58,34451
55,33998
63,35054
68,34682
60,33746
66,34302
65,34475
63,33833
56,34290
65,34757
56,33483
67,34341
64,33953
64,35234
61,34503
61,33964
63,33893
60,34259
66,35015
61,34480
60,34569
63,34641
62,33959
61,33887
59,33886
58,33494
61,34721
60,34006
62,33593
55,33635
66,34525
59,33751
61,33906
59,34216
58,34723
60,33641
59,34437
64,33998
58,34179
62,34287
63,33849
61,33915
63,34350
64,33536
58,34881
61,34288
59,34583
56,33794
58,33284
59,33943
58,33568
59,33985
63,34429
63,34849
60,33776
64,34409
58,34034
65,34381
62,34835
61,34448
64,34019
63,34310
61,34317
65,35032
61,34245
58,33337
58,34136
65,34458
58,34406
64,34227
61,34644
62,33886
63,33875
64,34656
65,34896
61,34820
62,34615
61,33739
58,34305
59,34575
60,34124
64,34205
57,33950
63,33910
64,34898
60,34115
63,34208
58,33898
61,34046
59,34196
61,34745
60,34388
64,34085
57,33730
64,34321
61,34051
60,34656
62,34368
55,34284
64,33203
60,34072
61,34478
59,34214
60,33500
59,33890
62,34388
57,33764
61,34575
62,34440
57,34233
61,33752
59,34216
58,34316
56,34013
58,33855
58,33947
65,34764
66,34144
63,33622
66,34064
61,34188
68,34316
66,34498
61,35156
58,34701
62,33793
61,34104
60,34349
63,34656
64,34577
59,33363
56,33499
59,34720
59,33803
59,33765
64,34331
65,35180
60,34616
58,34333
63,34324
59,34302
61,33956
58,34289
56,33736
63,33864
62,34825
59,34139
61,34968
58,34529
55,33905
64,33518
61,33987
61,34174
63,34746
58,34013
59,34176
58,34158
62,34558
59,34470
58,34119
60,33931
59,34210
62,34275
63,34341
61,33646
64,35029
62,34905
55,33342
65,34616
59,34297
64,34587
62,34775
59,33868
57,33876
57,33923
62,33764
57,34134
63,33968
62,33609
58,34305
60,34205
59,34520
64,33547
62,34596
58,34473
57,34692
57,34237
61,34674
57,34134
61,34101
61,33951
60,33812
61,34560
62,34078
65,34606
63,34461
59,33436
56,34528
57,34192
59,34607
59,34423
60,33688
60,34018
64,34036
60,33501
67,34661
60,34113
61,33768
58,34126
59,33863
61,34072
60,33894
66,34340
60,34683
57,34048
59,33412
63,34464
59,34349
59,34761
64,34144
62,34204
60,34324
62,34117
62,34031
59,33531
57,33991
58,34945
65,33940
58,33391
64,33822
60,34103
57,33893
63,34213
63,33755
61,33164
63,33943
58,33606
60,33756
69,34668
60,34278
58,33752
65,35381
59,33767
59,33233
67,34150
65,34662
63,34203
61,33896
66,33775
59,33778
58,34367
58,34882
63,34025
62,34342
62,34809
60,34310
56,34109
61,34390
58,34381
59,33956
57,33973
59,33790
60,33822
60,34040
58,34182
57,33685
62,34951
59,33917
59,33922
57,33824
61,34331
59,33990
56,34288
58,34259
61,34092
58,33852
62,33572
63,34565
60,34210
59,34173
61,33732
60,34338
63,34301
60,34275
57,33996
56,34110
62,34898
63,34139
58,34010
64,34253
62,34468
56,33741
64,34437
67,34896
58,34313
64,34441
62,33942
63,34398
59,33385
64,33809
62,34091
64,34480
63,34702
60,34830
56,33781
62,34348
65,33863
59,34804
63,34806
60,34328
59,34460
64,35439
61,34227
60,34384
60,33591
59,34295
59,34049
59,34052
60,33749
60,34081
64,34058
59,34030
64,34040
57,34313
60,34121
61,34053
63,34365
59,34221
63,34341
58,34135
63,34889
65,34807
58,33503
60,34111
60,33467
62,34109
60,34020
65,33900
59,34503
61,34315
62,34079
55,33918
58,34312
60,33954
62,33582
63,34380
60,33940
65,33960
55,33902
60,33413
62,34152
61,34937
65,34386
69,34409
59,33680
61,34227
